,entrance,dairy,drinks,fruit,spices,checkout
entrance,0.0,0.2855607790463398,0.15298858294157153,0.37662860980523843,0.18106111484217596,0.0
dairy,0.0,0.7375874520424284,0.05833897540058677,0.04981945384788987,0.0512863913337847,0.10296772737531032
drinks,0.0,0.010942500258077836,0.5985341178899556,0.08743677093011253,0.08671415298854135,0.2163724579333127
fruit,0.0,0.09547500592276711,0.054963278843875855,0.5970938956013583,0.05069888651978204,0.2017689331122167
spices,0.0,0.1934761752478414,0.16309561880396548,0.0908218740006396,0.40214262871762074,0.15046370322993285
checkout,0.0,0.0,0.0,0.0,0.0,1.0
